{"cameraMode":{"drawMode":0,"name":"Shaded","section":"Shading Mode"},"sceneLighting":false,"audioPlay":false,"sceneViewState":{"m_AlwaysRefresh":false,"showFog":true,"showSkybox":false,"showFlares":true,"showImageEffects":true,"showParticleSystems":true,"showVisualEffectGraphs":true,"m_FxEnabled":true},"in2DMode":false,"pivot":{"x":-11.716597557067871,"y":2.9367926120758058,"z":-10.775375366210938},"rotation":{"x":0.004665662534534931,"y":-0.9955660104751587,"z":0.07211088389158249,"w":0.0630262941122055},"size":5.688541889190674,"orthographic":false}