{"cameraMode":{"drawMode":0,"name":"Shaded","section":"Shading Mode"},"sceneLighting":false,"audioPlay":false,"sceneViewState":{"m_AlwaysRefresh":false,"showFog":true,"showSkybox":false,"showFlares":true,"showImageEffects":true,"showParticleSystems":true,"showVisualEffectGraphs":true,"m_FxEnabled":true},"in2DMode":false,"pivot":{"x":8.752517700195313,"y":1.6109689474105836,"z":4.643651008605957},"rotation":{"x":0.006635646801441908,"y":-0.9862105250358582,"z":0.16149204969406129,"w":0.040179863572120669},"size":1.3987798690795899,"orthographic":false}