{"cameraMode":{"drawMode":0,"name":"Shaded","section":"Shading Mode"},"sceneLighting":false,"audioPlay":false,"sceneViewState":{"m_AlwaysRefresh":false,"showFog":true,"showSkybox":false,"showFlares":true,"showImageEffects":true,"showParticleSystems":true,"showVisualEffectGraphs":true,"m_FxEnabled":true},"in2DMode":false,"pivot":{"x":-5.454849720001221,"y":1.250485897064209,"z":5.321014404296875},"rotation":{"x":-0.0015532575780525804,"y":-0.997956395149231,"z":0.06026609614491463,"w":-0.028229210525751115},"size":3.0983896255493166,"orthographic":false}